nombre,apellido,documento
Murphy,Mclean,59788107
Kibo,Davenport,56732625
Winifred,Cunningham,59311998
Barrett,Riggs,58858726
Felicia,Burnett,51245245
Tamara,Maldonado,53669326
Sybill,Vaughan,44897375
Kenneth,Lamb,47536430
Brandon,Cochran,53119705
Harrison,Moss,40090208
Vernon,Holland,54955662
Wayne,Ayala,50337329
Colin,Alford,55496931
Liberty,Powell,44915253
Louis,Blevins,46038281
Holly,Diaz,52150163
Zelenia,Sears,57302339
Baxter,Rollins,40419064
Ginger,Mckee,42320654
Anika,Baird,55632937
Vanna,Gross,54447831
Catherine,Richmond,41029950
Basil,Hall,49120123
Harrison,Dyer,46291616
Kibo,Rhodes,52935637
Shaeleigh,Tran,56943789
Oprah,Battle,46889840
Indigo,Keller,47276075
Magee,Mcintyre,52583160
Kirsten,Irwin,55579784
Xandra,Ayala,40452469
Reece,Bowman,49636282
Malachi,Shepherd,58184139
Karly,Phelps,46064446
August,Rios,47067184
Maxine,Fields,58076207
Jeanette,Hayden,48803970
Cheryl,Cash,54077227
Slade,Blanchard,49379794
Barrett,Lloyd,47979404
Melyssa,Moran,40869658
Gwendolyn,Briggs,53369519
Jena,Wright,52296880
Ariel,Hyde,47930556
Bradley,Hancock,43782989
Jesse,Fuentes,43583862
Heidi,Faulkner,44871126
Mariam,Lopez,58196571
Karina,Wiggins,41187255
Gloria,Townsend,56577199
Kellie,Holland,40221321
Kitra,Chen,57448754
Abraham,Forbes,54000667
Benjamin,Aguirre,44654337
Cadman,Hogan,55341843
Joy,Wallace,56440876
Victor,Dennis,56433608
Nelle,Lara,42941473
Blythe,Fleming,45495812
Steel,Ball,49460228
Omar,Gamble,42291200
Oliver,Craft,42037402
Vielka,Gregory,54535007
Molly,Bean,49349956
Teegan,Whitaker,49546498
Cassidy,Nichols,44804674
Matthew,Maynard,59917204
Fritz,Fields,56807711
Lucius,England,51564562
Nasim,Jones,58368458
Urielle,Higgins,53772094
Ira,Calhoun,49784370
Jordan,Allison,55075188
Hunter,Benjamin,50085323
Rudyard,Ramsey,59291386
Timon,Vasquez,47567761
Zenaida,Pollard,51131022
Ruby,Barrett,56515203
Courtney,Mcfarland,57028254
Cyrus,Mueller,44776941
Kiayada,Quinn,57955387
Kennedy,Mcintyre,50692833
Moana,Waller,48319082
Palmer,Dominguez,40781631
Lenore,Daugherty,49489715
Ann,Rice,41115776
Sydnee,Harvey,42820354
Cheryl,Patton,45572792
Joel,Payne,40454610
Maite,Charles,50805251
Kibo,Weaver,47249214
Kathleen,Blankenship,47067675
Lysandra,Fuller,41782735
Ingrid,Cook,49017523
William,Leach,41056272
Clinton,Mcfarland,44446943
Holly,Osborn,50248799
Catherine,Salinas,53858557
Yetta,Sharp,43206032
Branden,Alston,47163612
